Sex,Survived,Dead,Total,Survived_rate,Dead_rate
Female,233,81,314,0.742038217,0.257961783
Male,109,468,577,0.188908146,0.811091854
